Microcontroller: Seeed Studio XIAO Module (RP2040 / ESP32-S3) | Quantity: 1 | Price: ₹450.00 ($5.50)     |   COMES IN THE KIT
Mechanical Switches: Cherry MX / Gateron Switches | Quantity: 4 | Price: ₹100.00 ($1.10)                 |   COMES IN THE KIT
Keycaps: Keycaps for Macro Keys | Quantity: 4 | Price: ₹400 ($4)                                         |   COMES IN THE KIT
Rotary Encoder: EC11 Rotary Encoder with Push Button (Vertical) | Quantity: 1 | Price: ₹200.00 ($2)      |   COMES IN THE KIT
Enclosure: 3D Printed Filament (PLA - Compact XIAO Case) | Quantity: 1 | Price: ₹400.00 ($4)             |   COMES IN THE KIT
Total: *$16*

Closing Of Lid: Magnetic Strip | Quantity: 1 | Price: ₹100 ($1)        | PERSONAL COST
Power Cable: 90DEG USB C Cable | Quantity: 1| Price: ₹300 ($3)         | PERSONAL COST
Total: *$4*

FULL TOTAL: *$20*
